{"options":{"check_for_updates":false,"comment":null,"compat_foreach":false,"compat_metadata":false,"compat_prototypes":false,"compat_wrappedjsobject":false,"compatopts_for_requires":true,"noframes":null,"override":{"merge_connects":true,"merge_excludes":true,"merge_includes":true,"merge_matches":true,"orig_connects":[],"orig_excludes":[],"orig_includes":[],"orig_matches":["*://kdjw.hnust.edu.cn/jsxsd/*"],"orig_noframes":null,"orig_run_at":"document-idle","use_blockers":[],"use_connects":[],"use_excludes":[],"use_includes":[],"use_matches":[]},"run_at":null},"settings":{"enabled":true,"position":0},"meta":{"name":"HNUST 成绩自动监控哨兵 (V16.0 失眠版)","uuid":"4aae7896-aaa3-4b68-9fc6-4606d80a8fbb","sc_uuid":"4aae7896-aaa3-4b68-9fc6-4606d80a8fbb","modified":1768468064141,"file_url":""}}